{
  "baseline": {
    "config": {
      "d_model": 128,
      "num_layers": 3,
      "num_heads": 8,
      "d_ff": 256,
      "dropout": 0.3,
      "label_smoothing": 0.1,
      "use_positional_encoding": true
    },
    "parameters": 22036737,
    "best_val_loss": 0.538588859140873,
    "test_loss": 0.5807722415775061,
    "train_losses": [
      0.7364907922415898,
      0.6535677827637771,
      0.5840343483563127,
      0.5444262048293804,
      0.5267516765101202
    ],
    "val_losses": [
      0.6635789349675179,
      0.5967677310109138,
      0.558590441942215,
      0.5418788269162178,
      0.538588859140873
    ]
  },
  "no_positional_encoding": {
    "config": {
      "d_model": 128,
      "num_layers": 3,
      "num_heads": 8,
      "d_ff": 256,
      "dropout": 0.3,
      "label_smoothing": 0.1,
      "use_positional_encoding": false
    },
    "parameters": 22036737,
    "best_val_loss": 0.5385096147656441,
    "test_loss": 0.5806695055216551,
    "train_losses": [
      0.735501634663549,
      0.6507517551553661,
      0.5810221495299503,
      0.5426401393166904,
      0.5261408851064485
    ],
    "val_losses": [
      0.6614683046936989,
      0.5939292088150978,
      0.5567834824323654,
      0.5411363765597343,
      0.5385096147656441
    ]
  },
  "reduced_heads_4": {
    "config": {
      "d_model": 128,
      "num_layers": 3,
      "num_heads": 4,
      "d_ff": 256,
      "dropout": 0.3,
      "label_smoothing": 0.1,
      "use_positional_encoding": true
    },
    "parameters": 22036737,
    "best_val_loss": 0.5383674874901772,
    "test_loss": 0.5803288649767637,
    "train_losses": [
      0.735260546207428,
      0.6506268957565571,
      0.581389649160977,
      0.5429293574958012,
      0.5264863865128879
    ],
    "val_losses": [
      0.6611203625798225,
      0.5942657142877579,
      0.5571061000227928,
      0.5413978323340416,
      0.5383674874901772
    ]
  },
  "increased_heads_16": {
    "config": {
      "d_model": 128,
      "num_layers": 3,
      "num_heads": 16,
      "d_ff": 256,
      "dropout": 0.3,
      "label_smoothing": 0.1,
      "use_positional_encoding": true
    },
    "parameters": 22036737,
    "best_val_loss": 0.5386822372674942,
    "test_loss": 0.5807262137532234,
    "train_losses": [
      0.7353332063247418,
      0.6516967929642776,
      0.582872197545808,
      0.5440394066531082,
      0.5271083928387741
    ],
    "val_losses": [
      0.661491334438324,
      0.595339298248291,
      0.5580615177750587,
      0.5420509502291679,
      0.5386822372674942
    ]
  }
}