{"train_losses": [0.472481880001801, 0.42170690987632453, 0.40111201068163743, 0.3894873183722651, 0.38187885610663486, 0.3763662429084923, 0.3720686882919662, 0.3685304777698016, 0.3655625727354615, 0.36305355488553737, 0.36087462657801267, 0.3590017345994608, 0.3573202853171514, 0.35591132472775766, 0.35472701474066515, 0.3537321525354919, 0.35289545743401163, 0.3523243402396718, 0.3518564831205459, 0.3516762785196469], "val_losses": [0.44234551511473663, 0.425770498882582, 0.4175396611494252, 0.413106010651138, 0.41014377211752207, 0.40342899292265033, 0.3982914693643529, 0.39482624420592016, 0.3930610366034926, 0.3892868167435431, 0.3855938117111582, 0.38313346280742755, 0.38325192758187593, 0.3824956503353621, 0.380343538365866, 0.37966181386096276, 0.37993324267478124, 0.3791610948067767, 0.3797526450453178, 0.3796183974073644]}